time_s,rate_umol_g_s
0.473,0.8754925854782609
2.208,0.8769649353760958
3.942,0.8539921678172104
5.677,0.850407076841521
7.412,0.8459622469612565
9.147,0.826301398541667
10.881,0.8173486546070566
12.616,0.8014583877851131
14.351,0.7944022203501939
16.085,0.7814010929504209
17.82,0.7751181647032218
19.555,0.7652269473451087
21.289,0.7470427894775367
23.024,0.73959810125722
24.759,0.7413576090440193
26.494,0.7344845317518366
28.228,0.7231104479679348
29.963,0.7094665304082906
31.698,0.7120508074701514
33.432,0.7018311142931166
35.167,0.7004490530009461
36.902,0.6938720907887679
38.636,0.6765722688661235
40.371,0.6835687751713453
42.106,0.6692764973204713
43.841,0.6550165802085148
45.575,0.6564613583309757
47.31,0.6405708036314487
49.045,0.6473339116869566
50.779,0.6293155668090583
52.514,0.6239542801429347
54.249,0.6092521950585148
55.983,0.5964845948536235
57.718,0.5778278844343279
59.453,0.5796613767599366
61.188,0.5657157230106079
62.922,0.5565482613825635
64.657,0.5503810599236966
66.392,0.5407109231269566
68.126,0.5362985522017392
69.861,0.521934148690007
71.596,0.5051885445391304
73.33,0.49415396193835653
75.065,0.4790971007189617
76.8,0.4733524505217392
78.535,0.4621818912173914
80.269,0.4505645095408696
82.004,0.44884962182544264
83.739,0.42846778385663653
85.473,0.42291737526260875
87.208,0.4094335054229583
88.943,0.39708087635095485
90.677,0.3926451595478261
92.412,0.3895008539658618
94.147,0.3684452362294913
95.882,0.34323464325981135
97.616,0.34816494308381135
99.351,0.33194883215311743
101.086,0.3303766793621348
102.82,0.3035153856941722
104.555,0.3114546975563835
106.29,0.2974755593469009
108.024,0.2928239663631713
109.759,0.28754089171026787
111.494,0.2799554934227748
113.229,0.2679679785207165
114.963,0.24725465531867044
116.698,0.24975160386905396
118.433,0.24538194390588264
120.167,0.2445874602762148
121.902,0.2314784803867009
123.637,0.22744931340767308
125.371,0.216530596898427
127.106,0.20230958141176522
128.841,0.21490782182506438
130.576,0.19706428088901393
132.31,0.1874413877708435
134.045,0.18200204285928004
135.78,0.17650969147585568
137.514,0.16534229473548348
139.249,0.15815899113452694
140.984,0.15702401452071654
142.718,0.1417219669161287
144.453,0.13670122090621828
146.188,0.1392616305145783
147.923,0.1296710781278774
149.657,0.13002591087031307
151.392,0.13367736251388435
153.127,0.12306533117475392
154.861,0.11633296720691913
156.596,0.11587653575147218
158.331,0.11941387953118263
160.065,0.09910267976381479
161.8,0.10235475388387044
163.535,0.1157571850938661
165.27,0.0915145068170174
167.004,0.09282674725142522
168.739,0.10161305276877045
170.474,0.08797716303730696
172.208,0.07354251825881235
173.943,0.07566091533142157
175.678,0.08535268216848992
177.412,0.0827282012996727
179.147,0.077878617085554
180.882,0.07262965534791965
182.617,0.07262965534791965
184.351,0.04718360170677852
186.086,0.0690923115682094
187.821,0.07606245165236192
189.555,0.07738178527830791
191.29,0.07827799460906976
193.025,0.04495849836147696
194.759,0.07210445077452435
196.494,0.06854798621762627
198.229,0.05676866227115453
199.964,0.04889521966470296
201.698,0.05505704431323026
203.433,0.03900638546274948
205.168,0.05060683762262722
206.902,0.046270738795885565
208.637,0.03464684826397174
210.372,0.055756186279106786
212.106,0.030923231106498174
213.841,0.03636771821085766
215.576,0.044283719966533304
217.311,0.02476140645797087
219.045,0.02854466183734035
220.78,0.03525932993323983
222.515,0.03354771197531539
224.249,0.02753391915017609
225.984,0.01991182224385235
227.719,0.03788381080205705
229.453,0.020019453715440783
231.188,0.03919605123646557
232.923,0.021224062678260956
234.658,0.013422785585710958
236.392,0.026073646892379655
238.127,0.021338787341386608
239.862,0.03354771197531539
241.596,0.02265812096733261
243.331,0.031322608630014
245.066,0.0032696528990836787
246.8,0.026073646892379655
248.535,0.03525932993323983
250.27,0.03788381080205705
252.005,0.022536303112669565
253.739,0.008501035857690574
255.474,0.03040974571912131
257.209,0.032857572969821135
258.943,0.018998959332959482
260.678,0.012437757160916349
262.413,0.03040974571912131
264.147,0.011066021984654784
265.882,0.03959542875998131
267.617,0.017686718898550696
269.352,0.03172198615352974
271.086,0.005845129561125375
272.821,0.016462989158543044
274.556,0.033034226587938524
276.29,0.023594835637002785
278.025,0.021623440201776697
279.76,0.023848543547078178
281.494,0.03172198615352974
283.229,0.01597510094062661
284.964,0.03189345634895418
286.699,0.005876554988873392
288.433,0.01991182224385235
290.168,0.01991182224385235
291.903,0.007150352667007558
293.637,0.0023518555940773306
295.372,0.01991182224385235
297.107,0.025160783981486787
298.841,-0.002909750528471409
300.576,0.025026234334527046
302.311,0.011066021984654784
304.046,0.0032520741200562004
305.78,0.008501035857690574
307.515,0.023848543547078178
309.25,0.01759213751406635
310.984,0.020202583725831048
312.719,0.011125516726507741
314.454,0.023848543547078178
316.188,-0.003291432180051261
317.923,0.008501035857690574
319.658,0.004539906455242852
321.393,0.016374478464142174
323.127,-0.00028374415345277306
324.862,0.018500118805115134
326.597,0.017686718898550696
328.331,0.00981327629209913
330.066,0.005845129561125375
331.801,0.012437757160916349
333.535,0.00981327629209913
335.27,-0.00028526965965421916
337.005,0.001026970774754374
338.74,0.009760798878772261
340.474,0.005845129561125375
342.209,0.031552349863938615
343.944,0.006242371375958818
345.678,0.002339211209162974
347.413,0.01759213751406635
349.148,0.023848543547078178
350.882,0.01889736061994887
352.617,0.016286914408184177
354.352,0.01759213751406635
356.087,0.005845129561125375
357.821,-0.01209543356933174
359.556,0.00981327629209913
361.291,0.009760798878772261
363.025,-0.005534231397288601
364.76,0.016374478464142174
366.495,0.0010214789524294087
368.229,0.010158040693606001
369.964,0.014902001454949132
371.699,-0.005504636576982183
373.434,-0.008115082788746886
375.168,0.0010214789524294087
376.903,0.032857572969821135
378.638,0.00981327629209913
380.372,0.008455575772890078
382.107,0.008455575772890078
383.842,0.010104008562256957
385.576,0.0023267020583119307
387.311,0.00754759448184134
389.046,0.01879684274431087
390.781,0.013676468196419479
392.515,0.01889736061994887
394.25,0.004937148270076635
395.985,0.004910886843107931
397.719,0.008852817587723478
399.454,0.004515758016651252
401.189,0.013676468196419479
402.923,0.00754759448184134
404.658,0.0036514516435715654
406.393,0.014902001454949132
408.128,0.01759213751406635
409.862,0.016286914408184177
411.597,0.03416279607570331
413.332,0.002314325983533496
415.066,0.0058140384464387225
416.801,0.012768486905370784
418.536,0.016286914408184177
420.27,0.0019191971570768087
422.005,0.0023267020583119307
423.74,-0.0038021716562660437
425.475,0.006242371375958818
427.209,0.004910886843107931
428.944,0.012633370641821826
430.679,0.025288244893246957
432.413,0.015297130281405828
434.148,0.012305440595374697
435.883,0.015297130281405828
437.617,0.0010160455537461914
439.352,0.0006209167272895061
441.087,-0.005080227768732801
442.822,0.004910886843107931
444.556,-0.0015805153058282523
446.291,0.004910886843107931
448.026,-0.00028223487604094613
449.76,0.002314325983533496
451.495,-0.005475356595189827
453.23,-0.005080227768732801
454.964,0.00754759448184134
456.699,0.02281302993759574
458.434,0.006209167272895061
460.169,-0.008115082788746886
461.903,0.0010214789524294087
463.638,0.003612606413320626
465.373,0.01879684274431087
467.107,0.017989379328900178
468.842,-0.004177076165402687
470.577,0.012240332444076261
472.311,0.0032346833493606696
474.046,-0.0015889672593352958
475.781,0.017498562314523652
477.516,0.0010214789524294087
479.25,0.014902001454949132
480.985,0.0010214789524294087
482.72,0.011463263799488262
484.454,-0.0006809859682865548
486.189,0.005845129561125375
487.924,0.011066021984654784
489.658,0.002314325983533496
491.393,-0.004177076165402687
493.128,0.006176314536001548
494.863,-0.005504636576982183
496.597,-0.004177076165402687
498.332,0.006176314536001548
500.067,-0.012801815583713044
501.801,0.012700569421831393
503.536,0.0010160455537461914
505.271,0.007507447702682365
507.005,0.007507447702682365
508.74,-0.0015805153058282523
510.475,-0.0015805153058282523
512.21,-0.0015805153058282523
513.944,0.004910886843107931
515.679,0.0023267020583119307
517.414,0.004515758016651252
519.148,-0.002878795735615383
520.883,0.006209167272895061
522.618,0.013603721025162002
524.352,0.0019191971570768087
526.087,-0.005475356595189827
527.822,0.013676468196419479
529.557,-0.0015805153058282523
531.291,0.01659541071119296
533.026,0.007467725757165784
534.761,-0.001572152790982487
536.495,0.007507447702682365
538.23,0.011341959420657653
539.965,-0.00028223487604094613
541.699,0.016029752601739132
543.434,-0.010612031339130783
545.169,-0.00028223487604094613
546.904,0.008410599306013157
548.638,0.0058140384464387225
550.373,0.018304350352150958
552.108,0.013603721025162002
553.842,-0.0037819473389454957
555.577,0.004910886843107931
557.312,0.013531743665240436
559.046,-0.00028223487604094613
560.781,0.0023020808725097044
562.516,0.026052817679135132
564.251,-0.00937019788455174
565.985,-0.00028074156981842176
567.72,0.006176314536001548
569.455,-0.00892758192022087
571.189,-0.008029208896802453
572.924,-0.010218993141385132
574.659,-0.0041549752333106095
576.393,0.008410599306013157
578.128,-0.007595980326956835
579.863,-0.014093226804876959
581.598,-0.010218993141385132
583.332,0.00011229662792702957
585.067,0.007428421937391201
586.802,0.008713036257390958
588.536,0.002695119070255157
590.271,-0.015384638026041217
592.006,0.004884903314837652
593.74,0.008759136978329652
595.475,0.008759136978329652
597.21,0.01779901552647774
598.945,0.012633370641821826
